MapImage|Map|10|..\Texture\MapImage\Map\Map%d.png
Abigail|Abigail_Back|4|..\Texture\NPC\Abigail\Abigail_Back\Abigail_Back%d.png
Abigail|Abigail_Forward|4|..\Texture\NPC\Abigail\Abigail_Forward\Abigail_Forward%d.png
Abigail|Abigail_IDLE|4|..\Texture\NPC\Abigail\Abigail_IDLE\Abigail_IDLE%d.png
Abigail|Abigail_Left|4|..\Texture\NPC\Abigail\Abigail_Left\Abigail_Left%d.png
Abigail|Abigail_Right|4|..\Texture\NPC\Abigail\Abigail_Right\Abigail_Right%d.png
Alex|Alex_Back|4|..\Texture\NPC\Alex\Alex_Back\Alex_Back%d.png
Alex|Alex_Forward|4|..\Texture\NPC\Alex\Alex_Forward\Alex_Forward%d.png
Alex|Alex_IDLE|8|..\Texture\NPC\Alex\Alex_IDLE\Alex_IDLE%d.png
Alex|Alex_Left|4|..\Texture\NPC\Alex\Alex_Left\Alex_Left%d.png
Alex|Alex_Right|4|..\Texture\NPC\Alex\Alex_Right\Alex_Right%d.png
Caroline|Caroline_Back|4|..\Texture\NPC\Caroline\Caroline_Back\Caroline_Back%d.png
Caroline|Caroline_Forward|4|..\Texture\NPC\Caroline\Caroline_Forward\Caroline_Forward%d.png
Caroline|Caroline_IDLE|1|..\Texture\NPC\Caroline\Caroline_IDLE\Caroline_IDLE%d.png
Caroline|Caroline_Left|4|..\Texture\NPC\Caroline\Caroline_Left\Caroline_Left%d.png
Caroline|Caroline_Right|4|..\Texture\NPC\Caroline\Caroline_Right\Caroline_Right%d.png
Demetrius|Demetrius_Back|4|..\Texture\NPC\Demetrius\Demetrius_Back\Demetrius_Back%d.png
Demetrius|Demetrius_Forward|4|..\Texture\NPC\Demetrius\Demetrius_Forward\Demetrius_Forward%d.png
Demetrius|Demetrius_IDLE|2|..\Texture\NPC\Demetrius\Demetrius_IDLE\Demetrius_IDLE%d.png
Demetrius|Demetrius_Left|4|..\Texture\NPC\Demetrius\Demetrius_Left\Demetrius_Left%d.png
Demetrius|Demetrius_Right|4|..\Texture\NPC\Demetrius\Demetrius_Right\Demetrius_Right%d.png
Elliott|Elliott_Back|4|..\Texture\NPC\Elliott\Elliott_Back\Elliott_Back%d.png
Elliott|Elliott_Forward|4|..\Texture\NPC\Elliott\Elliott_Forward\Elliott_Forward%d.png
Elliott|Elliott_IDLE|5|..\Texture\NPC\Elliott\Elliott_IDLE\Elliott_IDLE%d.png
Elliott|Elliott_Left|4|..\Texture\NPC\Elliott\Elliott_Left\Elliott_Left%d.png
Elliott|Elliott_Right|4|..\Texture\NPC\Elliott\Elliott_Right\Elliott_Right%d.png
Emily|Emily_Back|4|..\Texture\NPC\Emily\Emily_Back\Emily_Back%d.png
Emily|Emily_Forward|4|..\Texture\NPC\Emily\Emily_Forward\Emily_Forward%d.png
Emily|Emily_Left|4|..\Texture\NPC\Emily\Emily_Left\Emily_Left%d.png
Emily|Emily_Right|4|..\Texture\NPC\Emily\Emily_Right\Emily_Right%d.png
Evelyn|Evelyn_Back|4|..\Texture\NPC\Evelyn\Evelyn_Back\Evelyn_Back%d.png
Evelyn|Evelyn_Forward|4|..\Texture\NPC\Evelyn\Evelyn_Forward\Evelyn_Forward%d.png
Evelyn|Evelyn_Left|4|..\Texture\NPC\Evelyn\Evelyn_Left\Evelyn_Left%d.png
Evelyn|Evelyn_Right|4|..\Texture\NPC\Evelyn\Evelyn_Right\Evelyn_Right%d.png
George|George_Back|4|..\Texture\NPC\George\George_Back\George_Back%d.png
George|George_Forward|4|..\Texture\NPC\George\George_Forward\George_Forward%d.png
George|George_IDLE|1|..\Texture\NPC\George\George_IDLE\George_IDLE%d.png
George|George_Left|4|..\Texture\NPC\George\George_Left\George_Left%d.png
George|George_Right|4|..\Texture\NPC\George\George_Right\George_Right%d.png
Haley|Haley_Back|4|..\Texture\NPC\Haley\Haley_Back\Haley_Back%d.png
Haley|Haley_Forward|4|..\Texture\NPC\Haley\Haley_Forward\Haley_Forward%d.png
Haley|Haley_IDLE|4|..\Texture\NPC\Haley\Haley_IDLE\Haley_IDLE%d.png
Haley|Haley_Left|4|..\Texture\NPC\Haley\Haley_Left\Haley_Left%d.png
Haley|Haley_Right|4|..\Texture\NPC\Haley\Haley_Right\Haley_Right%d.png
Harvey|Harvey_Back|4|..\Texture\NPC\Harvey\Harvey_Back\Harvey_Back%d.png
Harvey|Harvey_Forward|4|..\Texture\NPC\Harvey\Harvey_Forward\Harvey_Forward%d.png
Harvey|Harvey_Left|4|..\Texture\NPC\Harvey\Harvey_Left\Harvey_Left%d.png
Harvey|Harvey_Right|4|..\Texture\NPC\Harvey\Harvey_Right\Harvey_Right%d.png
Jas|Jas_Back|4|..\Texture\NPC\Jas\Jas_Back\Jas_Back%d.png
Jas|Jas_Forward|4|..\Texture\NPC\Jas\Jas_Forward\Jas_Forward%d.png
Jas|Jas_IDLE|4|..\Texture\NPC\Jas\Jas_IDLE\Jas_IDLE%d.png
Jas|Jas_Left|4|..\Texture\NPC\Jas\Jas_Left\Jas_Left%d.png
Jas|Jas_Right|4|..\Texture\NPC\Jas\Jas_Right\Jas_Right%d.png
Jodi|Jodi_Back|4|..\Texture\NPC\Jodi\Jodi_Back\Jodi_Back%d.png
Jodi|Jodi_Forward|4|..\Texture\NPC\Jodi\Jodi_Forward\Jodi_Forward%d.png
Jodi|Jodi_Left|4|..\Texture\NPC\Jodi\Jodi_Left\Jodi_Left%d.png
Jodi|Jodi_Right|4|..\Texture\NPC\Jodi\Jodi_Right\Jodi_Right%d.png
Jodi|Jodi_Work|2|..\Texture\NPC\Jodi\Jodi_Work\Jodi_Work%d.png
Kent|Kent_Back|4|..\Texture\NPC\Kent\Kent_Back\Kent_Back%d.png
Kent|Kent_Forward|4|..\Texture\NPC\Kent\Kent_Forward\Kent_Forward%d.png
Kent|Kent_IDLE|1|..\Texture\NPC\Kent\Kent_IDLE\Kent_IDLE%d.png
Kent|Kent_Left|4|..\Texture\NPC\Kent\Kent_Left\Kent_Left%d.png
Kent|Kent_Right|4|..\Texture\NPC\Kent\Kent_Right\Kent_Right%d.png
Leah|Leah_Back|4|..\Texture\NPC\Leah\Leah_Back\Leah_Back%d.png
Leah|Leah_Forward|4|..\Texture\NPC\Leah\Leah_Forward\Leah_Forward%d.png
Leah|Leah_Left|4|..\Texture\NPC\Leah\Leah_Left\Leah_Left%d.png
Leah|Leah_Right|4|..\Texture\NPC\Leah\Leah_Right\Leah_Right%d.png
Lewis|Lewis_Back|4|..\Texture\NPC\Lewis\Lewis_Back\Lewis_Back%d.png
Lewis|Lewis_Forward|4|..\Texture\NPC\Lewis\Lewis_Forward\Lewis_Forward%d.png
Lewis|Lewis_Left|4|..\Texture\NPC\Lewis\Lewis_Left\Lewis_Left%d.png
Lewis|Lewis_Right|4|..\Texture\NPC\Lewis\Lewis_Right\Lewis_Right%d.png
Linus|Linus_Back|4|..\Texture\NPC\Linus\Linus_Back\Linus_Back%d.png
Linus|Linus_Forward|4|..\Texture\NPC\Linus\Linus_Forward\Linus_Forward%d.png
Linus|Linus_Left|4|..\Texture\NPC\Linus\Linus_Left\Linus_Left%d.png
Linus|Linus_Right|4|..\Texture\NPC\Linus\Linus_Right\Linus_Right%d.png
Marcello|Marcello_Back|4|..\Texture\NPC\Marcello\Marcello_Back\Marcello_Back%d.png
Marcello|Marcello_Forward|4|..\Texture\NPC\Marcello\Marcello_Forward\Marcello_Forward%d.png
Marcello|Marcello_IDLE|2|..\Texture\NPC\Marcello\Marcello_IDLE\Marcello_IDLE%d.png
Marcello|Marcello_Left|4|..\Texture\NPC\Marcello\Marcello_Left\Marcello_Left%d.png
Marcello|Marcello_Right|4|..\Texture\NPC\Marcello\Marcello_Right\Marcello_Right%d.png
Marlon|Marlon_IDLE|10|..\Texture\NPC\Marlon\Marlon_IDLE\Marlon_IDLE%d.png
Marnie|Marnie_Back|4|..\Texture\NPC\Marnie\Marnie_Back\Marnie_Back%d.png
Marnie|Marnie_Drink|4|..\Texture\NPC\Marnie\Marnie_Drink\Marnie_Drink%d.png
Marnie|Marnie_Exercise|4|..\Texture\NPC\Marnie\Marnie_Exercise\Marnie_Exercise%d.png
Marnie|Marnie_Forward|4|..\Texture\NPC\Marnie\Marnie_Forward\Marnie_Forward%d.png
Marnie|Marnie_Left|4|..\Texture\NPC\Marnie\Marnie_Left\Marnie_Left%d.png
Marnie|Marnie_Right|4|..\Texture\NPC\Marnie\Marnie_Right\Marnie_Right%d.png
Maru|Maru_Back|4|..\Texture\NPC\Maru\Maru_Back\Maru_Back%d.png
Maru|Maru_Forward|4|..\Texture\NPC\Maru\Maru_Forward\Maru_Forward%d.png
Maru|Maru_Left|4|..\Texture\NPC\Maru\Maru_Left\Maru_Left%d.png
Maru|Maru_Right|4|..\Texture\NPC\Maru\Maru_Right\Maru_Right%d.png
Maru_Hospital|Maru_Hospital_Back|4|..\Texture\NPC\Maru_Hospital\Maru_Hospital_Back\Maru_Hospital_Back%d.png
Maru_Hospital|Maru_Hospital_Forward|4|..\Texture\NPC\Maru_Hospital\Maru_Hospital_Forward\Maru_Hospital_Forward%d.png
Maru_Hospital|Maru_Hospital_Left|4|..\Texture\NPC\Maru_Hospital\Maru_Hospital_Left\Maru_Hospital_Left%d.png
Maru_Hospital|Maru_Hospital_Right|4|..\Texture\NPC\Maru_Hospital\Maru_Hospital_Right\Maru_Hospital_Right%d.png
Morris|Morris_Back|4|..\Texture\NPC\Morris\Morris_Back\Morris_Back%d.png
Morris|Morris_Forward|4|..\Texture\NPC\Morris\Morris_Forward\Morris_Forward%d.png
Morris|Morris_Left|4|..\Texture\NPC\Morris\Morris_Left\Morris_Left%d.png
Morris|Morris_Right|4|..\Texture\NPC\Morris\Morris_Right\Morris_Right%d.png
Penny|Penny_Back|4|..\Texture\NPC\Penny\Penny_Back\Penny_Back%d.png
Penny|Penny_Forward|4|..\Texture\NPC\Penny\Penny_Forward\Penny_Forward%d.png
Penny|Penny_Left|4|..\Texture\NPC\Penny\Penny_Left\Penny_Left%d.png
Penny|Penny_Right|4|..\Texture\NPC\Penny\Penny_Right\Penny_Right%d.png
Pierre|Pierre_Back|4|..\Texture\NPC\Pierre\Pierre_Back\Pierre_Back%d.png
Pierre|Pierre_Forward|4|..\Texture\NPC\Pierre\Pierre_Forward\Pierre_Forward%d.png
Pierre|Pierre_Left|4|..\Texture\NPC\Pierre\Pierre_Left\Pierre_Left%d.png
Pierre|Pierre_Right|4|..\Texture\NPC\Pierre\Pierre_Right\Pierre_Right%d.png
Robin|Robin_Back|4|..\Texture\NPC\Robin\Robin_Back\Robin_Back%d.png
Robin|Robin_Forward|4|..\Texture\NPC\Robin\Robin_Forward\Robin_Forward%d.png
Robin|Robin_IDLE|5|..\Texture\NPC\Robin\Robin_IDLE\Robin_IDLE%d.png
Robin|Robin_Left|4|..\Texture\NPC\Robin\Robin_Left\Robin_Left%d.png
Robin|Robin_Right|4|..\Texture\NPC\Robin\Robin_Right\Robin_Right%d.png
Sam|Sam_Back|4|..\Texture\NPC\Sam\Sam_Back\Sam_Back%d.png
Sam|Sam_Forward|4|..\Texture\NPC\Sam\Sam_Forward\Sam_Forward%d.png
Sam|Sam_Left|4|..\Texture\NPC\Sam\Sam_Left\Sam_Left%d.png
Sam|Sam_Right|4|..\Texture\NPC\Sam\Sam_Right\Sam_Right%d.png
Sandy|Sandy_Back|4|..\Texture\NPC\Sandy\Sandy_Back\Sandy_Back%d.png
Sandy|Sandy_Forward|4|..\Texture\NPC\Sandy\Sandy_Forward\Sandy_Forward%d.png
Sandy|Sandy_Left|4|..\Texture\NPC\Sandy\Sandy_Left\Sandy_Left%d.png
Sandy|Sandy_Right|4|..\Texture\NPC\Sandy\Sandy_Right\Sandy_Right%d.png
Sebastian|Sebastian_Back|4|..\Texture\NPC\Sebastian\Sebastian_Back\Sebastian_Back%d.png
Sebastian|Sebastian_Forward|4|..\Texture\NPC\Sebastian\Sebastian_Forward\Sebastian_Forward%d.png
Sebastian|Sebastian_Left|4|..\Texture\NPC\Sebastian\Sebastian_Left\Sebastian_Left%d.png
Sebastian|Sebastian_Right|4|..\Texture\NPC\Sebastian\Sebastian_Right\Sebastian_Right%d.png
Vincent|Vincent_Back|4|..\Texture\NPC\Vincent\Vincent_Back\Vincent_Back%d.png
Vincent|Vincent_Forward|4|..\Texture\NPC\Vincent\Vincent_Forward\Vincent_Forward%d.png
Vincent|Vincent_Left|4|..\Texture\NPC\Vincent\Vincent_Left\Vincent_Left%d.png
Vincent|Vincent_Right|4|..\Texture\NPC\Vincent\Vincent_Right\Vincent_Right%d.png
Fall|Beach_Tile|2104|..\Texture\Season\Fall\Beach_Tile\Beach_Tile%d.png
Fall|Building|26|..\Texture\Season\Fall\Building\Building%d.png
Fall|OutDoor_Tile|2104|..\Texture\Season\Fall\OutDoor_Tile\OutDoor_Tile%d.png
Fall|Town_Tile|2104|..\Texture\Season\Fall\Town_Tile\Town_Tile%d.png
Season|Fall|3|..\Texture\Season\Fall\Fall%d.png
Spring|Beach_Tile|2104|..\Texture\Season\Spring\Beach_Tile\Beach_Tile%d.png
Spring|Building|26|..\Texture\Season\Spring\Building\Building%d.png
Spring|OutDoor_Tile|2104|..\Texture\Season\Spring\OutDoor_Tile\OutDoor_Tile%d.png
Season|Spring|3|..\Texture\Season\Spring\Spring%d.png
Spring|Town_Tile|2104|..\Texture\Season\Spring\Town_Tile\Town_Tile%d.png
Summer|Town_Tile|2104|..\Texture\Season\Summer\Town_Tile\Town_Tile%d.png
Summer|Beach_Tile|2104|..\Texture\Season\Summer\Beach_Tile\Beach_Tile%d.png
Summer|OutDoor_Tile|2104|..\Texture\Season\Summer\OutDoor_Tile\OutDoor_Tile%d.png
Season|Summer|3|..\Texture\Season\Summer\Summer%d.png
Winter|Beach_Tile|2104|..\Texture\Season\Winter\Beach_Tile\Beach_Tile%d.png
Winter|OutDoor_Tile|2104|..\Texture\Season\Winter\OutDoor_Tile\OutDoor_Tile%d.png
Winter|Town_Tile|2104|..\Texture\Season\Winter\Town_Tile\Town_Tile%d.png
Season|Winter|3|..\Texture\Season\Winter\Winter%d.png
TERRAIN|tile|9|..\Texture\Stage\TERRAIN\tile\tile%d.png
UI|ETC|17|..\Texture\UI\ETC\ETC%d.png
UI|TextBox|2|..\Texture\UI\TextBox\TextBox%d.png
ReationTile|tile|3|..\Texture\ReationTile\tile\tile%d.png


