BabyBlueChicken|BabyBlueCkicken_Back|4|..\Texture\Animals\BabyBlueChicken\BabyBlueCkicken_Back\BabyBlueCkicken_Back%d.png
BabyBlueChicken|BabyBlueCkicken_Back_IDLE|2|..\Texture\Animals\BabyBlueChicken\BabyBlueCkicken_Back_IDLE\BabyBlueCkicken_Back_IDLE%d.png
BabyBlueChicken|BabyBlueCkicken_Eat|4|..\Texture\Animals\BabyBlueChicken\BabyBlueCkicken_Eat\BabyBlueCkicken_Eat%d.png
BabyBlueChicken|BabyBlueCkicken_Forward|4|..\Texture\Animals\BabyBlueChicken\BabyBlueCkicken_Forward\BabyBlueCkicken_Forward%d.png
BabyBlueChicken|BabyBlueCkicken_Forward_IDLE|2|..\Texture\Animals\BabyBlueChicken\BabyBlueCkicken_Forward_IDLE\BabyBlueCkicken_Forward_IDLE%d.png
BabyBlueChicken|BabyBlueCkicken_Left|4|..\Texture\Animals\BabyBlueChicken\BabyBlueCkicken_Left\BabyBlueCkicken_Left%d.png
BabyBlueChicken|BabyBlueCkicken_Left_IDLE|2|..\Texture\Animals\BabyBlueChicken\BabyBlueCkicken_Left_IDLE\BabyBlueCkicken_Left_IDLE%d.png
BabyBlueChicken|BabyBlueCkicken_Right|4|..\Texture\Animals\BabyBlueChicken\BabyBlueCkicken_Right\BabyBlueCkicken_Right%d.png
BabyBlueChicken|BabyBlueCkicken_Right_IDLE|2|..\Texture\Animals\BabyBlueChicken\BabyBlueCkicken_Right_IDLE\BabyBlueCkicken_Right_IDLE%d.png
BabyBrownChicken|BabyBrownChicken_Back|4|..\Texture\Animals\BabyBrownChicken\BabyBrownChicken_Back\BabyBrownChicken_Back%d.png
BabyBrownChicken|BabyBrownChicken_Back_IDLE|2|..\Texture\Animals\BabyBrownChicken\BabyBrownChicken_Back_IDLE\BabyBrownChicken_Back_IDLE%d.png
BabyBrownChicken|BabyBrownChicken_Eat|4|..\Texture\Animals\BabyBrownChicken\BabyBrownChicken_Eat\BabyBrownChicken_Eat%d.png
BabyBrownChicken|BabyBrownChicken_Forward|4|..\Texture\Animals\BabyBrownChicken\BabyBrownChicken_Forward\BabyBrownChicken_Forward%d.png
BabyBrownChicken|BabyBrownChicken_Forward_IDLE|2|..\Texture\Animals\BabyBrownChicken\BabyBrownChicken_Forward_IDLE\BabyBrownChicken_Forward_IDLE%d.png
BabyBrownChicken|BabyBrownChicken_Left|4|..\Texture\Animals\BabyBrownChicken\BabyBrownChicken_Left\BabyBrownChicken_Left%d.png
BabyBrownChicken|BabyBrownChicken_Left_IDLE|2|..\Texture\Animals\BabyBrownChicken\BabyBrownChicken_Left_IDLE\BabyBrownChicken_Left_IDLE%d.png
BabyBrownChicken|BabyBrownChicken_Right|4|..\Texture\Animals\BabyBrownChicken\BabyBrownChicken_Right\BabyBrownChicken_Right%d.png
BabyBrownChicken|BabyBrownChicken_Right_IDLE|2|..\Texture\Animals\BabyBrownChicken\BabyBrownChicken_Right_IDLE\BabyBrownChicken_Right_IDLE%d.png
BabyBrownCow|BabyBrownCow_Back|4|..\Texture\Animals\BabyBrownCow\BabyBrownCow_Back\BabyBrownCow_Back%d.png
BabyBrownCow|BabyBrownCow_Eat|4|..\Texture\Animals\BabyBrownCow\BabyBrownCow_Eat\BabyBrownCow_Eat%d.png
BabyBrownCow|BabyBrownCow_Forward|4|..\Texture\Animals\BabyBrownCow\BabyBrownCow_Forward\BabyBrownCow_Forward%d.png
BabyBrownCow|BabyBrownCow_IDLE|2|..\Texture\Animals\BabyBrownCow\BabyBrownCow_IDLE\BabyBrownCow_IDLE%d.png
BabyBrownCow|BabyBrownCow_Left|4|..\Texture\Animals\BabyBrownCow\BabyBrownCow_Left\BabyBrownCow_Left%d.png
BabyBrownCow|BabyBrownCow_Right|4|..\Texture\Animals\BabyBrownCow\BabyBrownCow_Right\BabyBrownCow_Right%d.png
BabyBrownCow|BabyBrownCow_Sleep|4|..\Texture\Animals\BabyBrownCow\BabyBrownCow_Sleep\BabyBrownCow_Sleep%d.png
BabyGoat|BabyGoat_Back|4|..\Texture\Animals\BabyGoat\BabyGoat_Back\BabyGoat_Back%d.png
BabyGoat|BabyGoat_Eat|4|..\Texture\Animals\BabyGoat\BabyGoat_Eat\BabyGoat_Eat%d.png
BabyGoat|BabyGoat_Forward|4|..\Texture\Animals\BabyGoat\BabyGoat_Forward\BabyGoat_Forward%d.png
BabyGoat|BabyGoat_IDLE|2|..\Texture\Animals\BabyGoat\BabyGoat_IDLE\BabyGoat_IDLE%d.png
BabyGoat|BabyGoat_Left|4|..\Texture\Animals\BabyGoat\BabyGoat_Left\BabyGoat_Left%d.png
BabyGoat|BabyGoat_Right|4|..\Texture\Animals\BabyGoat\BabyGoat_Right\BabyGoat_Right%d.png
BabyGoat|BabyGoat_Sleep|4|..\Texture\Animals\BabyGoat\BabyGoat_Sleep\BabyGoat_Sleep%d.png
BabyPig|BabyPig_Back|4|..\Texture\Animals\BabyPig\BabyPig_Back\BabyPig_Back%d.png
BabyPig|BabyPig_Eat|4|..\Texture\Animals\BabyPig\BabyPig_Eat\BabyPig_Eat%d.png
BabyPig|BabyPig_Forward|4|..\Texture\Animals\BabyPig\BabyPig_Forward\BabyPig_Forward%d.png
BabyPig|BabyPig_IDLE|2|..\Texture\Animals\BabyPig\BabyPig_IDLE\BabyPig_IDLE%d.png
BabyPig|BabyPig_Left|4|..\Texture\Animals\BabyPig\BabyPig_Left\BabyPig_Left%d.png
BabyPig|BabyPig_Right|4|..\Texture\Animals\BabyPig\BabyPig_Right\BabyPig_Right%d.png
BabyRabbit|BabyRabbit_Back|4|..\Texture\Animals\BabyRabbit\BabyRabbit_Back\BabyRabbit_Back%d.png
BabyRabbit|BabyRabbit_Back_IDLE|2|..\Texture\Animals\BabyRabbit\BabyRabbit_Back_IDLE\BabyRabbit_Back_IDLE%d.png
BabyRabbit|BabyRabbit_Eat|4|..\Texture\Animals\BabyRabbit\BabyRabbit_Eat\BabyRabbit_Eat%d.png
BabyRabbit|BabyRabbit_Forward|4|..\Texture\Animals\BabyRabbit\BabyRabbit_Forward\BabyRabbit_Forward%d.png
BabyRabbit|BabyRabbit_Forward_IDLE|2|..\Texture\Animals\BabyRabbit\BabyRabbit_Forward_IDLE\BabyRabbit_Forward_IDLE%d.png
BabyRabbit|BabyRabbit_Left|4|..\Texture\Animals\BabyRabbit\BabyRabbit_Left\BabyRabbit_Left%d.png
BabyRabbit|BabyRabbit_Left_IDLE|2|..\Texture\Animals\BabyRabbit\BabyRabbit_Left_IDLE\BabyRabbit_Left_IDLE%d.png
BabyRabbit|BabyRabbit_Right|4|..\Texture\Animals\BabyRabbit\BabyRabbit_Right\BabyRabbit_Right%d.png
BabyRabbit|BabyRabbit_Right_IDLE|2|..\Texture\Animals\BabyRabbit\BabyRabbit_Right_IDLE\BabyRabbit_Right_IDLE%d.png
BabySheep|BabySheep_Back|4|..\Texture\Animals\BabySheep\BabySheep_Back\BabySheep_Back%d.png
BabySheep|BabySheep_Eat|4|..\Texture\Animals\BabySheep\BabySheep_Eat\BabySheep_Eat%d.png
BabySheep|BabySheep_Forward|4|..\Texture\Animals\BabySheep\BabySheep_Forward\BabySheep_Forward%d.png
BabySheep|BabySheep_IDLE|2|..\Texture\Animals\BabySheep\BabySheep_IDLE\BabySheep_IDLE%d.png
BabySheep|BabySheep_Left|4|..\Texture\Animals\BabySheep\BabySheep_Left\BabySheep_Left%d.png
BabySheep|BabySheep_Right|4|..\Texture\Animals\BabySheep\BabySheep_Right\BabySheep_Right%d.png
BabyVoidChicken|BabyVoidChicken_Back|4|..\Texture\Animals\BabyVoidChicken\BabyVoidChicken_Back\BabyVoidChicken_Back%d.png
BabyVoidChicken|BabyVoidChicken_Back_IDLE|2|..\Texture\Animals\BabyVoidChicken\BabyVoidChicken_Back_IDLE\BabyVoidChicken_Back_IDLE%d.png
BabyVoidChicken|BabyVoidChicken_Eat|4|..\Texture\Animals\BabyVoidChicken\BabyVoidChicken_Eat\BabyVoidChicken_Eat%d.png
BabyVoidChicken|BabyVoidChicken_Forward|4|..\Texture\Animals\BabyVoidChicken\BabyVoidChicken_Forward\BabyVoidChicken_Forward%d.png
BabyVoidChicken|BabyVoidChicken_Forward_IDLE|2|..\Texture\Animals\BabyVoidChicken\BabyVoidChicken_Forward_IDLE\BabyVoidChicken_Forward_IDLE%d.png
BabyVoidChicken|BabyVoidChicken_Left|4|..\Texture\Animals\BabyVoidChicken\BabyVoidChicken_Left\BabyVoidChicken_Left%d.png
BabyVoidChicken|BabyVoidChicken_Left_IDLE|2|..\Texture\Animals\BabyVoidChicken\BabyVoidChicken_Left_IDLE\BabyVoidChicken_Left_IDLE%d.png
BabyVoidChicken|BabyVoidChicken_Right|4|..\Texture\Animals\BabyVoidChicken\BabyVoidChicken_Right\BabyVoidChicken_Right%d.png
BabyVoidChicken|BabyVoidChicken_Right_IDLE|2|..\Texture\Animals\BabyVoidChicken\BabyVoidChicken_Right_IDLE\BabyVoidChicken_Right_IDLE%d.png
BabyWhiteChicken|BabyWhiteChicken_Back|4|..\Texture\Animals\BabyWhiteChicken\BabyWhiteChicken_Back\BabyWhiteChicken_Back%d.png
BabyWhiteChicken|BabyWhiteChicken_Back_IDLE|2|..\Texture\Animals\BabyWhiteChicken\BabyWhiteChicken_Back_IDLE\BabyWhiteChicken_Back_IDLE%d.png
BabyWhiteChicken|BabyWhiteChicken_Eat|4|..\Texture\Animals\BabyWhiteChicken\BabyWhiteChicken_Eat\BabyWhiteChicken_Eat%d.png
BabyWhiteChicken|BabyWhiteChicken_Forward|4|..\Texture\Animals\BabyWhiteChicken\BabyWhiteChicken_Forward\BabyWhiteChicken_Forward%d.png
BabyWhiteChicken|BabyWhiteChicken_Forward_IDLE|2|..\Texture\Animals\BabyWhiteChicken\BabyWhiteChicken_Forward_IDLE\BabyWhiteChicken_Forward_IDLE%d.png
BabyWhiteChicken|BabyWhiteChicken_Left|4|..\Texture\Animals\BabyWhiteChicken\BabyWhiteChicken_Left\BabyWhiteChicken_Left%d.png
BabyWhiteChicken|BabyWhiteChicken_Right|4|..\Texture\Animals\BabyWhiteChicken\BabyWhiteChicken_Right\BabyWhiteChicken_Right%d.png
BabyWhiteChicken|BabyWhiteChicken_Right_IDLE|2|..\Texture\Animals\BabyWhiteChicken\BabyWhiteChicken_Right_IDLE\BabyWhiteChicken_Right_IDLE%d.png
BabyWhiteCow|BabyWhiteCow_Back|4|..\Texture\Animals\BabyWhiteCow\BabyWhiteCow_Back\BabyWhiteCow_Back%d.png
BabyWhiteCow|BabyWhiteCow_Eat|4|..\Texture\Animals\BabyWhiteCow\BabyWhiteCow_Eat\BabyWhiteCow_Eat%d.png
BabyWhiteCow|BabyWhiteCow_Forward|4|..\Texture\Animals\BabyWhiteCow\BabyWhiteCow_Forward\BabyWhiteCow_Forward%d.png
BabyWhiteCow|BabyWhiteCow_IDLE|2|..\Texture\Animals\BabyWhiteCow\BabyWhiteCow_IDLE\BabyWhiteCow_IDLE%d.png
BabyWhiteCow|BabyWhiteCow_Left|4|..\Texture\Animals\BabyWhiteCow\BabyWhiteCow_Left\BabyWhiteCow_Left%d.png
BabyWhiteCow|BabyWhiteCow_Right|4|..\Texture\Animals\BabyWhiteCow\BabyWhiteCow_Right\BabyWhiteCow_Right%d.png
BlueChicken|BlueChicken_Back|4|..\Texture\Animals\BlueChicken\BlueChicken_Back\BlueChicken_Back%d.png
BlueChicken|BlueChicken_Back_IDLE|2|..\Texture\Animals\BlueChicken\BlueChicken_Back_IDLE\BlueChicken_Back_IDLE%d.png
BlueChicken|BlueChicken_Eat|4|..\Texture\Animals\BlueChicken\BlueChicken_Eat\BlueChicken_Eat%d.png
BlueChicken|BlueChicken_Forward|4|..\Texture\Animals\BlueChicken\BlueChicken_Forward\BlueChicken_Forward%d.png
BlueChicken|BlueChicken_Forward_IDLE|2|..\Texture\Animals\BlueChicken\BlueChicken_Forward_IDLE\BlueChicken_Forward_IDLE%d.png
BlueChicken|BlueChicken_Left|4|..\Texture\Animals\BlueChicken\BlueChicken_Left\BlueChicken_Left%d.png
BlueChicken|BlueChicken_Left_IDLE|2|..\Texture\Animals\BlueChicken\BlueChicken_Left_IDLE\BlueChicken_Left_IDLE%d.png
BlueChicken|BlueChicken_Right|4|..\Texture\Animals\BlueChicken\BlueChicken_Right\BlueChicken_Right%d.png
BlueChicken|BlueChicken_Right_IDLE|2|..\Texture\Animals\BlueChicken\BlueChicken_Right_IDLE\BlueChicken_Right_IDLE%d.png
BrownChicken|BrownChicken_Back|4|..\Texture\Animals\BrownChicken\BrownChicken_Back\BrownChicken_Back%d.png
BrownChicken|BrownChicken_Back_IDLE|2|..\Texture\Animals\BrownChicken\BrownChicken_Back_IDLE\BrownChicken_Back_IDLE%d.png
BrownChicken|BrownChicken_Eat|4|..\Texture\Animals\BrownChicken\BrownChicken_Eat\BrownChicken_Eat%d.png
BrownChicken|BrownChicken_Forward|4|..\Texture\Animals\BrownChicken\BrownChicken_Forward\BrownChicken_Forward%d.png
BrownChicken|BrownChicken_Forward_IDLE|2|..\Texture\Animals\BrownChicken\BrownChicken_Forward_IDLE\BrownChicken_Forward_IDLE%d.png
BrownChicken|BrownChicken_Left|4|..\Texture\Animals\BrownChicken\BrownChicken_Left\BrownChicken_Left%d.png
BrownChicken|BrownChicken_Left_IDLE|2|..\Texture\Animals\BrownChicken\BrownChicken_Left_IDLE\BrownChicken_Left_IDLE%d.png
BrownChicken|BrownChicken_Right|4|..\Texture\Animals\BrownChicken\BrownChicken_Right\BrownChicken_Right%d.png
BrownChicken|BrownChicken_Right_IDLE|2|..\Texture\Animals\BrownChicken\BrownChicken_Right_IDLE\BrownChicken_Right_IDLE%d.png
BrownCow|BrownCow_Back|4|..\Texture\Animals\BrownCow\BrownCow_Back\BrownCow_Back%d.png
BrownCow|BrownCow_Eat|4|..\Texture\Animals\BrownCow\BrownCow_Eat\BrownCow_Eat%d.png
BrownCow|BrownCow_Forward|4|..\Texture\Animals\BrownCow\BrownCow_Forward\BrownCow_Forward%d.png
BrownCow|BrownCow_IDLE|2|..\Texture\Animals\BrownCow\BrownCow_IDLE\BrownCow_IDLE%d.png
BrownCow|BrownCow_Left|4|..\Texture\Animals\BrownCow\BrownCow_Left\BrownCow_Left%d.png
BrownCow|BrownCow_Right|4|..\Texture\Animals\BrownCow\BrownCow_Right\BrownCow_Right%d.png
Cat|Cat_Back|4|..\Texture\Animals\Cat\Cat_Back\Cat_Back%d.png
Cat|Cat_Eat|4|..\Texture\Animals\Cat\Cat_Eat\Cat_Eat%d.png
Cat|Cat_Forward|4|..\Texture\Animals\Cat\Cat_Forward\Cat_Forward%d.png
Cat|Cat_IDLE|4|..\Texture\Animals\Cat\Cat_IDLE\Cat_IDLE%d.png
Cat|Cat_Left|4|..\Texture\Animals\Cat\Cat_Left\Cat_Left%d.png
Cat|Cat_Right|4|..\Texture\Animals\Cat\Cat_Right\Cat_Right%d.png
Cat|Cat_Sleep|4|..\Texture\Animals\Cat\Cat_Sleep\Cat_Sleep%d.png
Dog|Dog_Back|4|..\Texture\Animals\Dog\Dog_Back\Dog_Back%d.png
Dog|Dog_Forward|4|..\Texture\Animals\Dog\Dog_Forward\Dog_Forward%d.png
Dog|Dog_IDLE|7|..\Texture\Animals\Dog\Dog_IDLE\Dog_IDLE%d.png
Dog|Dog_Left|4|..\Texture\Animals\Dog\Dog_Left\Dog_Left%d.png
Dog|Dog_Right|4|..\Texture\Animals\Dog\Dog_Right\Dog_Right%d.png
Dog|Dog_Run|3|..\Texture\Animals\Dog\Dog_Run\Dog_Run%d.png
Goat|Goat_Back|4|..\Texture\Animals\Goat\Goat_Back\Goat_Back%d.png
Goat|Goat_Eat|4|..\Texture\Animals\Goat\Goat_Eat\Goat_Eat%d.png
Goat|Goat_Forward|4|..\Texture\Animals\Goat\Goat_Forward\Goat_Forward%d.png
Goat|Goat_IDLE|2|..\Texture\Animals\Goat\Goat_IDLE\Goat_IDLE%d.png
Goat|Goat_Left|4|..\Texture\Animals\Goat\Goat_Left\Goat_Left%d.png
Goat|Goat_Right|4|..\Texture\Animals\Goat\Goat_Right\Goat_Right%d.png
Pig|Pig_Back|4|..\Texture\Animals\Pig\Pig_Back\Pig_Back%d.png
Pig|Pig_Eat|4|..\Texture\Animals\Pig\Pig_Eat\Pig_Eat%d.png
Pig|Pig_Forward|4|..\Texture\Animals\Pig\Pig_Forward\Pig_Forward%d.png
Pig|Pig_IDLE|2|..\Texture\Animals\Pig\Pig_IDLE\Pig_IDLE%d.png
Pig|Pig_Left|4|..\Texture\Animals\Pig\Pig_Left\Pig_Left%d.png
Pig|Pig_Right|4|..\Texture\Animals\Pig\Pig_Right\Pig_Right%d.png
Rabbit|Rabbit_Back|4|..\Texture\Animals\Rabbit\Rabbit_Back\Rabbit_Back%d.png
Rabbit|Rabbit_Back_IDLE|2|..\Texture\Animals\Rabbit\Rabbit_Back_IDLE\Rabbit_Back_IDLE%d.png
Rabbit|Rabbit_Eat|4|..\Texture\Animals\Rabbit\Rabbit_Eat\Rabbit_Eat%d.png
Rabbit|Rabbit_Forward|4|..\Texture\Animals\Rabbit\Rabbit_Forward\Rabbit_Forward%d.png
Rabbit|Rabbit_Forward_IDLE|2|..\Texture\Animals\Rabbit\Rabbit_Forward_IDLE\Rabbit_Forward_IDLE%d.png
Rabbit|Rabbit_Left|4|..\Texture\Animals\Rabbit\Rabbit_Left\Rabbit_Left%d.png
Rabbit|Rabbit_Left_IDLE|2|..\Texture\Animals\Rabbit\Rabbit_Left_IDLE\Rabbit_Left_IDLE%d.png
Rabbit|Rabbit_Right|4|..\Texture\Animals\Rabbit\Rabbit_Right\Rabbit_Right%d.png
Rabbit|Rabbit_Right_IDLE|2|..\Texture\Animals\Rabbit\Rabbit_Right_IDLE\Rabbit_Right_IDLE%d.png
Sheep|Sheep_Back|4|..\Texture\Animals\Sheep\Sheep_Back\Sheep_Back%d.png
Sheep|Sheep_Eat|4|..\Texture\Animals\Sheep\Sheep_Eat\Sheep_Eat%d.png
Sheep|Sheep_Forward|4|..\Texture\Animals\Sheep\Sheep_Forward\Sheep_Forward%d.png
Sheep|Sheep_IDLE|2|..\Texture\Animals\Sheep\Sheep_IDLE\Sheep_IDLE%d.png
Sheep|Sheep_Left|4|..\Texture\Animals\Sheep\Sheep_Left\Sheep_Left%d.png
Sheep|Sheep_Right|4|..\Texture\Animals\Sheep\Sheep_Right\Sheep_Right%d.png
VoidChicken|VoidChicken_Back|4|..\Texture\Animals\VoidChicken\VoidChicken_Back\VoidChicken_Back%d.png
VoidChicken|VoidChicken_Back_IDLE|2|..\Texture\Animals\VoidChicken\VoidChicken_Back_IDLE\VoidChicken_Back_IDLE%d.png
VoidChicken|VoidChicken_Eat|4|..\Texture\Animals\VoidChicken\VoidChicken_Eat\VoidChicken_Eat%d.png
VoidChicken|VoidChicken_Forward|4|..\Texture\Animals\VoidChicken\VoidChicken_Forward\VoidChicken_Forward%d.png
VoidChicken|VoidChicken_Forward_IDLE|2|..\Texture\Animals\VoidChicken\VoidChicken_Forward_IDLE\VoidChicken_Forward_IDLE%d.png
VoidChicken|VoidChicken_Left|4|..\Texture\Animals\VoidChicken\VoidChicken_Left\VoidChicken_Left%d.png
VoidChicken|VoidChicken_Left_IDLE|2|..\Texture\Animals\VoidChicken\VoidChicken_Left_IDLE\VoidChicken_Left_IDLE%d.png
VoidChicken|VoidChicken_Right|4|..\Texture\Animals\VoidChicken\VoidChicken_Right\VoidChicken_Right%d.png
VoidChicken|VoidChicken_Right_IDLE|2|..\Texture\Animals\VoidChicken\VoidChicken_Right_IDLE\VoidChicken_Right_IDLE%d.png
WhiteChicken|WhiteChicken_Back|4|..\Texture\Animals\WhiteChicken\WhiteChicken_Back\WhiteChicken_Back%d.png
WhiteChicken|WhiteChicken_Back_IDLE|2|..\Texture\Animals\WhiteChicken\WhiteChicken_Back_IDLE\WhiteChicken_Back_IDLE%d.png
WhiteChicken|WhiteChicken_Eat|4|..\Texture\Animals\WhiteChicken\WhiteChicken_Eat\WhiteChicken_Eat%d.png
WhiteChicken|WhiteChicken_Forward|4|..\Texture\Animals\WhiteChicken\WhiteChicken_Forward\WhiteChicken_Forward%d.png
WhiteChicken|WhiteChicken_Forward_IDLE|2|..\Texture\Animals\WhiteChicken\WhiteChicken_Forward_IDLE\WhiteChicken_Forward_IDLE%d.png
WhiteChicken|WhiteChicken_Left|4|..\Texture\Animals\WhiteChicken\WhiteChicken_Left\WhiteChicken_Left%d.png
WhiteChicken|WhiteChicken_Left_IDLE|2|..\Texture\Animals\WhiteChicken\WhiteChicken_Left_IDLE\WhiteChicken_Left_IDLE%d.png
WhiteChicken|WhiteChicken_Right|4|..\Texture\Animals\WhiteChicken\WhiteChicken_Right\WhiteChicken_Right%d.png
WhiteChicken|WhiteChicken_Right_IDLE|2|..\Texture\Animals\WhiteChicken\WhiteChicken_Right_IDLE\WhiteChicken_Right_IDLE%d.png
WhiteCow|WhiteCow_Back|4|..\Texture\Animals\WhiteCow\WhiteCow_Back\WhiteCow_Back%d.png
WhiteCow|WhiteCow_Eat|4|..\Texture\Animals\WhiteCow\WhiteCow_Eat\WhiteCow_Eat%d.png
WhiteCow|WhiteCow_Forward|4|..\Texture\Animals\WhiteCow\WhiteCow_Forward\WhiteCow_Forward%d.png
WhiteCow|WhiteCow_IDLE|2|..\Texture\Animals\WhiteCow\WhiteCow_IDLE\WhiteCow_IDLE%d.png
WhiteCow|WhiteCow_Left|4|..\Texture\Animals\WhiteCow\WhiteCow_Left\WhiteCow_Left%d.png
WhiteCow|WhiteCow_Right|4|..\Texture\Animals\WhiteCow\WhiteCow_Right\WhiteCow_Right%d.png
MapImage|Map|10|..\Texture\MapImage\Map\Map%d.png
Abigail|Abigail_Back|4|..\Texture\NPC\Abigail\Abigail_Back\Abigail_Back%d.png
Abigail|Abigail_Forward|4|..\Texture\NPC\Abigail\Abigail_Forward\Abigail_Forward%d.png
Abigail|Abigail_IDLE|4|..\Texture\NPC\Abigail\Abigail_IDLE\Abigail_IDLE%d.png
Abigail|Abigail_Left|4|..\Texture\NPC\Abigail\Abigail_Left\Abigail_Left%d.png
Abigail|Abigail_Right|4|..\Texture\NPC\Abigail\Abigail_Right\Abigail_Right%d.png
Alex|Alex_Back|4|..\Texture\NPC\Alex\Alex_Back\Alex_Back%d.png
Alex|Alex_Forward|4|..\Texture\NPC\Alex\Alex_Forward\Alex_Forward%d.png
Alex|Alex_IDLE|8|..\Texture\NPC\Alex\Alex_IDLE\Alex_IDLE%d.png
Alex|Alex_Left|4|..\Texture\NPC\Alex\Alex_Left\Alex_Left%d.png
Alex|Alex_Right|4|..\Texture\NPC\Alex\Alex_Right\Alex_Right%d.png
Caroline|Caroline_Back|4|..\Texture\NPC\Caroline\Caroline_Back\Caroline_Back%d.png
Caroline|Caroline_Forward|4|..\Texture\NPC\Caroline\Caroline_Forward\Caroline_Forward%d.png
Caroline|Caroline_IDLE|1|..\Texture\NPC\Caroline\Caroline_IDLE\Caroline_IDLE%d.png
Caroline|Caroline_Left|4|..\Texture\NPC\Caroline\Caroline_Left\Caroline_Left%d.png
Caroline|Caroline_Right|4|..\Texture\NPC\Caroline\Caroline_Right\Caroline_Right%d.png
Demetrius|Demetrius_Back|4|..\Texture\NPC\Demetrius\Demetrius_Back\Demetrius_Back%d.png
Demetrius|Demetrius_Forward|4|..\Texture\NPC\Demetrius\Demetrius_Forward\Demetrius_Forward%d.png
Demetrius|Demetrius_IDLE|2|..\Texture\NPC\Demetrius\Demetrius_IDLE\Demetrius_IDLE%d.png
Demetrius|Demetrius_Left|4|..\Texture\NPC\Demetrius\Demetrius_Left\Demetrius_Left%d.png
Demetrius|Demetrius_Right|4|..\Texture\NPC\Demetrius\Demetrius_Right\Demetrius_Right%d.png
Elliott|Elliott_Back|4|..\Texture\NPC\Elliott\Elliott_Back\Elliott_Back%d.png
Elliott|Elliott_Forward|4|..\Texture\NPC\Elliott\Elliott_Forward\Elliott_Forward%d.png
Elliott|Elliott_IDLE|5|..\Texture\NPC\Elliott\Elliott_IDLE\Elliott_IDLE%d.png
Elliott|Elliott_Left|4|..\Texture\NPC\Elliott\Elliott_Left\Elliott_Left%d.png
Elliott|Elliott_Right|4|..\Texture\NPC\Elliott\Elliott_Right\Elliott_Right%d.png
Emily|Emily_Back|4|..\Texture\NPC\Emily\Emily_Back\Emily_Back%d.png
Emily|Emily_Forward|4|..\Texture\NPC\Emily\Emily_Forward\Emily_Forward%d.png
Emily|Emily_Left|4|..\Texture\NPC\Emily\Emily_Left\Emily_Left%d.png
Emily|Emily_Right|4|..\Texture\NPC\Emily\Emily_Right\Emily_Right%d.png
Evelyn|Evelyn_Back|4|..\Texture\NPC\Evelyn\Evelyn_Back\Evelyn_Back%d.png
Evelyn|Evelyn_Forward|4|..\Texture\NPC\Evelyn\Evelyn_Forward\Evelyn_Forward%d.png
Evelyn|Evelyn_Left|4|..\Texture\NPC\Evelyn\Evelyn_Left\Evelyn_Left%d.png
Evelyn|Evelyn_Right|4|..\Texture\NPC\Evelyn\Evelyn_Right\Evelyn_Right%d.png
George|George_Back|4|..\Texture\NPC\George\George_Back\George_Back%d.png
George|George_Forward|4|..\Texture\NPC\George\George_Forward\George_Forward%d.png
George|George_IDLE|1|..\Texture\NPC\George\George_IDLE\George_IDLE%d.png
George|George_Left|4|..\Texture\NPC\George\George_Left\George_Left%d.png
George|George_Right|4|..\Texture\NPC\George\George_Right\George_Right%d.png
Haley|Haley_Back|4|..\Texture\NPC\Haley\Haley_Back\Haley_Back%d.png
Haley|Haley_Forward|4|..\Texture\NPC\Haley\Haley_Forward\Haley_Forward%d.png
Haley|Haley_IDLE|4|..\Texture\NPC\Haley\Haley_IDLE\Haley_IDLE%d.png
Haley|Haley_Left|4|..\Texture\NPC\Haley\Haley_Left\Haley_Left%d.png
Haley|Haley_Right|4|..\Texture\NPC\Haley\Haley_Right\Haley_Right%d.png
Harvey|Harvey_Back|4|..\Texture\NPC\Harvey\Harvey_Back\Harvey_Back%d.png
Harvey|Harvey_Forward|4|..\Texture\NPC\Harvey\Harvey_Forward\Harvey_Forward%d.png
Harvey|Harvey_Left|4|..\Texture\NPC\Harvey\Harvey_Left\Harvey_Left%d.png
Harvey|Harvey_Right|4|..\Texture\NPC\Harvey\Harvey_Right\Harvey_Right%d.png
Jas|Jas_Back|4|..\Texture\NPC\Jas\Jas_Back\Jas_Back%d.png
Jas|Jas_Forward|4|..\Texture\NPC\Jas\Jas_Forward\Jas_Forward%d.png
Jas|Jas_IDLE|4|..\Texture\NPC\Jas\Jas_IDLE\Jas_IDLE%d.png
Jas|Jas_Left|4|..\Texture\NPC\Jas\Jas_Left\Jas_Left%d.png
Jas|Jas_Right|4|..\Texture\NPC\Jas\Jas_Right\Jas_Right%d.png
Jodi|Jodi_Back|4|..\Texture\NPC\Jodi\Jodi_Back\Jodi_Back%d.png
Jodi|Jodi_Forward|4|..\Texture\NPC\Jodi\Jodi_Forward\Jodi_Forward%d.png
Jodi|Jodi_Left|4|..\Texture\NPC\Jodi\Jodi_Left\Jodi_Left%d.png
Jodi|Jodi_Right|4|..\Texture\NPC\Jodi\Jodi_Right\Jodi_Right%d.png
Jodi|Jodi_Work|2|..\Texture\NPC\Jodi\Jodi_Work\Jodi_Work%d.png
Kent|Kent_Back|4|..\Texture\NPC\Kent\Kent_Back\Kent_Back%d.png
Kent|Kent_Forward|4|..\Texture\NPC\Kent\Kent_Forward\Kent_Forward%d.png
Kent|Kent_IDLE|1|..\Texture\NPC\Kent\Kent_IDLE\Kent_IDLE%d.png
Kent|Kent_Left|4|..\Texture\NPC\Kent\Kent_Left\Kent_Left%d.png
Kent|Kent_Right|4|..\Texture\NPC\Kent\Kent_Right\Kent_Right%d.png
Leah|Leah_Back|4|..\Texture\NPC\Leah\Leah_Back\Leah_Back%d.png
Leah|Leah_Forward|4|..\Texture\NPC\Leah\Leah_Forward\Leah_Forward%d.png
Leah|Leah_Left|4|..\Texture\NPC\Leah\Leah_Left\Leah_Left%d.png
Leah|Leah_Right|4|..\Texture\NPC\Leah\Leah_Right\Leah_Right%d.png
Lewis|Lewis_Back|4|..\Texture\NPC\Lewis\Lewis_Back\Lewis_Back%d.png
Lewis|Lewis_Forward|4|..\Texture\NPC\Lewis\Lewis_Forward\Lewis_Forward%d.png
Lewis|Lewis_Left|4|..\Texture\NPC\Lewis\Lewis_Left\Lewis_Left%d.png
Lewis|Lewis_Right|4|..\Texture\NPC\Lewis\Lewis_Right\Lewis_Right%d.png
Linus|Linus_Back|4|..\Texture\NPC\Linus\Linus_Back\Linus_Back%d.png
Linus|Linus_Forward|4|..\Texture\NPC\Linus\Linus_Forward\Linus_Forward%d.png
Linus|Linus_Left|4|..\Texture\NPC\Linus\Linus_Left\Linus_Left%d.png
Linus|Linus_Right|4|..\Texture\NPC\Linus\Linus_Right\Linus_Right%d.png
Marcello|Marcello_Back|4|..\Texture\NPC\Marcello\Marcello_Back\Marcello_Back%d.png
Marcello|Marcello_Forward|4|..\Texture\NPC\Marcello\Marcello_Forward\Marcello_Forward%d.png
Marcello|Marcello_IDLE|2|..\Texture\NPC\Marcello\Marcello_IDLE\Marcello_IDLE%d.png
Marcello|Marcello_Left|4|..\Texture\NPC\Marcello\Marcello_Left\Marcello_Left%d.png
Marcello|Marcello_Right|4|..\Texture\NPC\Marcello\Marcello_Right\Marcello_Right%d.png
Marlon|Marlon_IDLE|10|..\Texture\NPC\Marlon\Marlon_IDLE\Marlon_IDLE%d.png
Marnie|Marnie_Back|4|..\Texture\NPC\Marnie\Marnie_Back\Marnie_Back%d.png
Marnie|Marnie_Drink|4|..\Texture\NPC\Marnie\Marnie_Drink\Marnie_Drink%d.png
Marnie|Marnie_Exercise|4|..\Texture\NPC\Marnie\Marnie_Exercise\Marnie_Exercise%d.png
Marnie|Marnie_Forward|4|..\Texture\NPC\Marnie\Marnie_Forward\Marnie_Forward%d.png
Marnie|Marnie_Left|4|..\Texture\NPC\Marnie\Marnie_Left\Marnie_Left%d.png
Marnie|Marnie_Right|4|..\Texture\NPC\Marnie\Marnie_Right\Marnie_Right%d.png
Maru|Maru_Back|4|..\Texture\NPC\Maru\Maru_Back\Maru_Back%d.png
Maru|Maru_Forward|4|..\Texture\NPC\Maru\Maru_Forward\Maru_Forward%d.png
Maru|Maru_Left|4|..\Texture\NPC\Maru\Maru_Left\Maru_Left%d.png
Maru|Maru_Right|4|..\Texture\NPC\Maru\Maru_Right\Maru_Right%d.png
Maru_Hospital|Maru_Hospital_Back|4|..\Texture\NPC\Maru_Hospital\Maru_Hospital_Back\Maru_Hospital_Back%d.png
Maru_Hospital|Maru_Hospital_Forward|4|..\Texture\NPC\Maru_Hospital\Maru_Hospital_Forward\Maru_Hospital_Forward%d.png
Maru_Hospital|Maru_Hospital_Left|4|..\Texture\NPC\Maru_Hospital\Maru_Hospital_Left\Maru_Hospital_Left%d.png
Maru_Hospital|Maru_Hospital_Right|4|..\Texture\NPC\Maru_Hospital\Maru_Hospital_Right\Maru_Hospital_Right%d.png
Morris|Morris_Back|4|..\Texture\NPC\Morris\Morris_Back\Morris_Back%d.png
Morris|Morris_Forward|4|..\Texture\NPC\Morris\Morris_Forward\Morris_Forward%d.png
Morris|Morris_Left|4|..\Texture\NPC\Morris\Morris_Left\Morris_Left%d.png
Morris|Morris_Right|4|..\Texture\NPC\Morris\Morris_Right\Morris_Right%d.png
Penny|Penny_Back|4|..\Texture\NPC\Penny\Penny_Back\Penny_Back%d.png
Penny|Penny_Forward|4|..\Texture\NPC\Penny\Penny_Forward\Penny_Forward%d.png
Penny|Penny_Left|4|..\Texture\NPC\Penny\Penny_Left\Penny_Left%d.png
Penny|Penny_Right|4|..\Texture\NPC\Penny\Penny_Right\Penny_Right%d.png
Pierre|Pierre_Back|4|..\Texture\NPC\Pierre\Pierre_Back\Pierre_Back%d.png
Pierre|Pierre_Forward|4|..\Texture\NPC\Pierre\Pierre_Forward\Pierre_Forward%d.png
Pierre|Pierre_Left|4|..\Texture\NPC\Pierre\Pierre_Left\Pierre_Left%d.png
Pierre|Pierre_Right|4|..\Texture\NPC\Pierre\Pierre_Right\Pierre_Right%d.png
Robin|Robin_Back|4|..\Texture\NPC\Robin\Robin_Back\Robin_Back%d.png
Robin|Robin_Forward|4|..\Texture\NPC\Robin\Robin_Forward\Robin_Forward%d.png
Robin|Robin_IDLE|5|..\Texture\NPC\Robin\Robin_IDLE\Robin_IDLE%d.png
Robin|Robin_Left|4|..\Texture\NPC\Robin\Robin_Left\Robin_Left%d.png
Robin|Robin_Right|4|..\Texture\NPC\Robin\Robin_Right\Robin_Right%d.png
Sam|Sam_Back|4|..\Texture\NPC\Sam\Sam_Back\Sam_Back%d.png
Sam|Sam_Forward|4|..\Texture\NPC\Sam\Sam_Forward\Sam_Forward%d.png
Sam|Sam_Left|4|..\Texture\NPC\Sam\Sam_Left\Sam_Left%d.png
Sam|Sam_Right|4|..\Texture\NPC\Sam\Sam_Right\Sam_Right%d.png
Sandy|Sandy_Back|4|..\Texture\NPC\Sandy\Sandy_Back\Sandy_Back%d.png
Sandy|Sandy_Forward|4|..\Texture\NPC\Sandy\Sandy_Forward\Sandy_Forward%d.png
Sandy|Sandy_Left|4|..\Texture\NPC\Sandy\Sandy_Left\Sandy_Left%d.png
Sandy|Sandy_Right|4|..\Texture\NPC\Sandy\Sandy_Right\Sandy_Right%d.png
Sebastian|Sebastian_Back|4|..\Texture\NPC\Sebastian\Sebastian_Back\Sebastian_Back%d.png
Sebastian|Sebastian_Forward|4|..\Texture\NPC\Sebastian\Sebastian_Forward\Sebastian_Forward%d.png
Sebastian|Sebastian_Left|4|..\Texture\NPC\Sebastian\Sebastian_Left\Sebastian_Left%d.png
Sebastian|Sebastian_Right|4|..\Texture\NPC\Sebastian\Sebastian_Right\Sebastian_Right%d.png
Vincent|Vincent_Back|4|..\Texture\NPC\Vincent\Vincent_Back\Vincent_Back%d.png
Vincent|Vincent_Forward|4|..\Texture\NPC\Vincent\Vincent_Forward\Vincent_Forward%d.png
Vincent|Vincent_Left|4|..\Texture\NPC\Vincent\Vincent_Left\Vincent_Left%d.png
Vincent|Vincent_Right|4|..\Texture\NPC\Vincent\Vincent_Right\Vincent_Right%d.png
Fall|Beach_Tile|2101|..\Texture\Season\Fall\Beach_Tile\Beach_Tile%d.png
Fall|Building|26|..\Texture\Season\Fall\Building\Building%d.png
Fall|OutDoor_Tile|2101|..\Texture\Season\Fall\OutDoor_Tile\OutDoor_Tile%d.png
Fall|Town_Tile|2101|..\Texture\Season\Fall\Town_Tile\Town_Tile%d.png
Season|Fall|3|..\Texture\Season\Fall\Fall%d.png
Spring|Beach_Tile|2101|..\Texture\Season\Spring\Beach_Tile\Beach_Tile%d.png
Spring|Building|26|..\Texture\Season\Spring\Building\Building%d.png
Spring|OutDoor_Tile|2101|..\Texture\Season\Spring\OutDoor_Tile\OutDoor_Tile%d.png
Season|Spring|3|..\Texture\Season\Spring\Spring%d.png
Spring|Town_Tile|2101|..\Texture\Season\Spring\Town_Tile\Town_Tile%d.png
Summer|Town_Tile|2101|..\Texture\Season\Summer\Town_Tile\Town_Tile%d.png
Summer|Beach_Tile|2101|..\Texture\Season\Summer\Beach_Tile\Beach_Tile%d.png
Summer|OutDoor_Tile|2101|..\Texture\Season\Summer\OutDoor_Tile\OutDoor_Tile%d.png
Season|Summer|3|..\Texture\Season\Summer\Summer%d.png
Winter|Beach_Tile|2101|..\Texture\Season\Winter\Beach_Tile\Beach_Tile%d.png
Winter|OutDoor_Tile|2101|..\Texture\Season\Winter\OutDoor_Tile\OutDoor_Tile%d.png
Winter|Town_Tile|2101|..\Texture\Season\Winter\Town_Tile\Town_Tile%d.png
Season|Winter|3|..\Texture\Season\Winter\Winter%d.png
EFFECT|BossMultiAttack|36|..\Texture\Stage\EFFECT\BossMultiAttack\BossMultiAttack%d.png
EFFECT|Crash|4|..\Texture\Stage\EFFECT\Crash\Crash%d.png
EFFECT|Cray|8|..\Texture\Stage\EFFECT\Cray\Cray%d.png
EFFECT|Dust|6|..\Texture\Stage\EFFECT\Dust\Dust%d.png
EFFECT|ElectronicShock|9|..\Texture\Stage\EFFECT\ElectronicShock\ElecShock%d.png
EFFECT|Fire|39|..\Texture\Stage\EFFECT\Fire\AKAAKIHA_AKI51_%d.png
PLAYER|Attack|6|..\Texture\Stage\PLAYER\Attack\AKIHA_AKI01_00%d.png
PLAYER|Dash|11|..\Texture\Stage\PLAYER\Dash\AKIHA_AKI13_00%d.png
PLAYER|Stand|12|..\Texture\Stage\PLAYER\Stand\AKIHA_AKI00_00%d.png
PLAYER|Walk|13|..\Texture\Stage\PLAYER\Walk\AKIHA_AKI26_00%d.png
TERRAIN|tile|9|..\Texture\Stage\TERRAIN\tile\tile%d.png
Armored-Bug|ArmoredBug_Back|4|..\Texture\Monster\Armored-Bug\ArmoredBug_Back\ArmoredBug_Back%d.png
Armored-Bug|ArmoredBug_Die|2|..\Texture\Monster\Armored-Bug\ArmoredBug_Die\ArmoredBug_Die%d.png
Armored-Bug|ArmoredBug_Forward|4|..\Texture\Monster\Armored-Bug\ArmoredBug_Forward\ArmoredBug_Forward%d.png
Armored-Bug|ArmoredBug_Left|4|..\Texture\Monster\Armored-Bug\ArmoredBug_Left\ArmoredBug_Left%d.png
Armored-Bug|ArmoredBug_Right|4|..\Texture\Monster\Armored-Bug\ArmoredBug_Right\ArmoredBug_Right%d.png
Bat|Bat_Die|2|..\Texture\Monster\Bat\Bat_Die\Bat_Die%d.png
Bat|Bat_Fly|15|..\Texture\Monster\Bat\Bat_Fly\Bat_Fly%d.png
Bat|Bat_IDLE|1|..\Texture\Monster\Bat\Bat_IDLE\Bat_IDLE%d.png
BigSlime|BigSlime_IDLE|8|..\Texture\Monster\BigSlime\BigSlime_IDLE\Big_Slime_IDLE%d.png
Bug|Bug_Back|4|..\Texture\Monster\Bug\Bug_Back\Bug_Back%d.png
Bug|Bug_Die|2|..\Texture\Monster\Bug\Bug_Die\Bug_Die%d.png
Bug|Bug_Forward|4|..\Texture\Monster\Bug\Bug_Forward\Bug_Forward%d.png
Bug|Bug_Left|4|..\Texture\Monster\Bug\Bug_Left\Bug_Left%d.png
Bug|Bug_Right|4|..\Texture\Monster\Bug\Bug_Right\Bug_Right%d.png
CarbonGhost|CarbonGhost_Back|4|..\Texture\Monster\CarbonGhost\CarbonGhost_Back\CarbonGhost_Back%d.png
CarbonGhost|CarbonGhost_Die|4|..\Texture\Monster\CarbonGhost\CarbonGhost_Die\CarbonGhost_Die%d.png
CarbonGhost|CarbonGhost_Forward|4|..\Texture\Monster\CarbonGhost\CarbonGhost_Forward\CarbonGhost_Forward%d.png
CarbonGhost|CarbonGhost_Left|4|..\Texture\Monster\CarbonGhost\CarbonGhost_Left\CarbonGhost_Left%d.png
CarbonGhost|CarbonGhost_Right|4|..\Texture\Monster\CarbonGhost\CarbonGhost_Right\CarbonGhost_Right%d.png
Cat|Cat_Back|4|..\Texture\Monster\Cat\Cat_Back\Cat_Back%d.png
Cat|Cat_Forward|4|..\Texture\Monster\Cat\Cat_Forward\Cat_Forward%d.png
Cat|Cat_IDLE|5|..\Texture\Monster\Cat\Cat_IDLE\Cat_IDLE%d.png
Cat|Cat_Left|4|..\Texture\Monster\Cat\Cat_Left\Cat_Left%d.png
Cat|Cat_Right|4|..\Texture\Monster\Cat\Cat_Right\Cat_Right%d.png
Cat|Cat_Sleep|2|..\Texture\Monster\Cat\Cat_Sleep\Cat_Sleep%d.png
Crow|Crow_Back|4|..\Texture\Monster\Crow\Crow_Back\Crow_Back%d.png
Crow|Crow_Fly|4|..\Texture\Monster\Crow\Crow_Fly\Crow_Fly%d.png
Crow|Crow_Forward|4|..\Texture\Monster\Crow\Crow_Forward\Crow_Forward%d.png
Crow|Crow_Left|4|..\Texture\Monster\Crow\Crow_Left\Crow_Left%d.png
Crow|Crow_Right|4|..\Texture\Monster\Crow\Crow_Right\Crow_Right%d.png
Duggy|Duggy_Die|1|..\Texture\Monster\Duggy\Duggy_Die\Duggy_Die%d.png
DustSpirit|Dust_Die|4|..\Texture\Monster\DustSpirit\Dust_Die\Dust_Die%d.png
DustSpirit|Dust_IDLE|4|..\Texture\Monster\DustSpirit\Dust_IDLE\Dust_IDLE%d.png
Fireball|Firball_IDLE|16|..\Texture\Monster\Fireball\Firball_IDLE\Fireball_IDLE%d.png
Fly|Fly_Back|4|..\Texture\Monster\Fly\Fly_Back\Fly_Back%d.png
Fly|Fly_Die|4|..\Texture\Monster\Fly\Fly_Die\Fly_Die%d.png
Fly|Fly_Forward|4|..\Texture\Monster\Fly\Fly_Forward\Fly_Forward%d.png
Fly|Fly_Left|4|..\Texture\Monster\Fly\Fly_Left\Fly_Left%d.png
Fly|Fly_Right|4|..\Texture\Monster\Fly\Fly_Right\Fly_Right%d.png
Frog|Frog_IDLE|6|..\Texture\Monster\Frog\Frog_IDLE\Frog_IDLE%d.png
FrostBat|FrostBat_Die|2|..\Texture\Monster\FrostBat\FrostBat_Die\FrostBat_Die%d.png
FrostBat|FrostBat_Fly|11|..\Texture\Monster\FrostBat\FrostBat_Fly\FrostBat_Fly%d.png
FrostBat|FrostBat_IDLE|1|..\Texture\Monster\FrostBat\FrostBat_IDLE\FrostBat_IDLE%d.png
Ghost|Ghost_Back|4|..\Texture\Monster\Ghost\Ghost_Back\Ghost_Back%d.png
Ghost|Ghost_Die|4|..\Texture\Monster\Ghost\Ghost_Die\Ghost_Die%d.png
Ghost|Ghost_Forward|4|..\Texture\Monster\Ghost\Ghost_Forward\Ghost_Forward%d.png
Ghost|Ghost_Left|4|..\Texture\Monster\Ghost\Ghost_Left\Ghost_Left%d.png
Ghost|Ghost_Right|4|..\Texture\Monster\Ghost\Ghost_Right\Ghost_Right%d.png
GreenSlime|GreenSlime_Back|4|..\Texture\Monster\GreenSlime\GreenSlime_Back\Green_Slime_Back%d.png
GreenSlime|GreenSlime_Forward|4|..\Texture\Monster\GreenSlime\GreenSlime_Forward\Green_Slime_Forward%d.png
GreenSlime|GreenSlime_IDLE|4|..\Texture\Monster\GreenSlime\GreenSlime_IDLE\Green_Slime_IDLE%d.png
GreenSlime|GreenSlime_Left|4|..\Texture\Monster\GreenSlime\GreenSlime_Left\Green_Slime_Left%d.png
GreenSlime|GreenSlime_Right|4|..\Texture\Monster\GreenSlime\GreenSlime_Right\Green_Slime_Right%d.png
Grub|Grub_Back|4|..\Texture\Monster\Grub\Grub_Back\Grub_Back%d.png
Grub|Grub_Die|4|..\Texture\Monster\Grub\Grub_Die\Grub_Die%d.png
Grub|Grub_Forward|4|..\Texture\Monster\Grub\Grub_Forward\Grub_Forward%d.png
Grub|Grub_IDLE|4|..\Texture\Monster\Grub\Grub_IDLE\Grub_IDLE%d.png
Grub|Grub_Left|4|..\Texture\Monster\Grub\Grub_Left\Grub_Left%d.png
Grub|Grub_Right|4|..\Texture\Monster\Grub\Grub_Right\Grub_Right%d.png
IridiumBat|IdidiumBat_Die|2|..\Texture\Monster\IridiumBat\IdidiumBat_Die\IdidiumBat_Die%d.png
IridiumBat|IdidiumBat_Fly|11|..\Texture\Monster\IridiumBat\IdidiumBat_Fly\IdidiumBat_Fly%d.png
IridiumBat|IdidiumBat_IDLE|1|..\Texture\Monster\IridiumBat\IdidiumBat_IDLE\IdidiumBat_IDLE%d.png
IridiumCrab|IridiumCrab_Die|6|..\Texture\Monster\IridiumCrab\IridiumCrab_Die\IridiumCrab_Die%d.png
IridiumCrab|IridiumCrab_IDLE|1|..\Texture\Monster\IridiumCrab\IridiumCrab_IDLE\IridiumCrab_IDLE%d.png
IridiumCrab|IridiumCrab_Trace|3|..\Texture\Monster\IridiumCrab\IridiumCrab_Trace\IridiumCrab_Trace%d.png
LavaBat|LavaBat_Die|2|..\Texture\Monster\LavaBat\LavaBat_Die\LavaBat_Die%d.png
LavaBat|LavaBat_Fly|15|..\Texture\Monster\LavaBat\LavaBat_Fly\LavaBat_Fly%d.png
LavaBat|LavaBat_IDLE|1|..\Texture\Monster\LavaBat\LavaBat_IDLE\LavaBat_IDLE%d.png
LavaCrab|LavaCrab_Die|6|..\Texture\Monster\LavaCrab\LavaCrab_Die\LavaCrab_Die%d.png
LavaCrab|LavaCrab_IDLE|1|..\Texture\Monster\LavaCrab\LavaCrab_IDLE\LavaCrab_IDLE%d.png
LavaCrab|LavaCrab_Trace|3|..\Texture\Monster\LavaCrab\LavaCrab_Trace\LavaCrab_Trace%d.png
MetalHead|Metal_Head_Back|4|..\Texture\Monster\MetalHead\Metal_Head_Back\Metal_Head_Back%d.png
MetalHead|Metal_Head_Die|4|..\Texture\Monster\MetalHead\Metal_Head_Die\Metal_Head_Die%d.png
MetalHead|Metal_Head_Forward|4|..\Texture\Monster\MetalHead\Metal_Head_Forward\Metal_Head_Forward%d.png
MetalHead|Metal_Head_Left|4|..\Texture\Monster\MetalHead\Metal_Head_Left\Metal_Head_Left%d.png
MetalHead|Metal_Head_Right|4|..\Texture\Monster\MetalHead\Metal_Head_Right\Metal_Head_Right%d.png
Mummy|Mummy_Back|4|..\Texture\Monster\Mummy\Mummy_Back\Mummy_Back%d.png
Mummy|Mummy_Die|4|..\Texture\Monster\Mummy\Mummy_Die\Mummy_Die%d.png
Mummy|Mummy_Forward|4|..\Texture\Monster\Mummy\Mummy_Forward\Mummy_Forward%d.png
Mummy|Mummy_Left|4|..\Texture\Monster\Mummy\Mummy_Left\Mummy_Left%d.png
Mummy|Mummy_Right|4|..\Texture\Monster\Mummy\Mummy_Right\Mummy_Right%d.png
RockCrab|RockCrab_Die|6|..\Texture\Monster\RockCrab\RockCrab_Die\RockCrab_Die%d.png
RockCrab|RockCrab_IDLE|1|..\Texture\Monster\RockCrab\RockCrab_IDLE\RockCrab_IDLE%d.png
RockCrab|RockCrab_Trace|3|..\Texture\Monster\RockCrab\RockCrab_Trace\RockCrab_Trace%d.png
Serpent|Serpent_Die|5|..\Texture\Monster\Serpent\Serpent_Die\Serpent_Die%d.png
Serpent|Serpent_IDLE|9|..\Texture\Monster\Serpent\Serpent_IDLE\Serpent_IDLE%d.png
ShadowBrute|ShadowBrute_Back|4|..\Texture\Monster\ShadowBrute\ShadowBrute_Back\ShadowBrute_Back%d.png
ShadowBrute|ShadowBrute_Forward|4|..\Texture\Monster\ShadowBrute\ShadowBrute_Forward\Shadow_Brute_Forward%d.png
ShadowBrute|ShadowBrute_IDLE_Back|4|..\Texture\Monster\ShadowBrute\ShadowBrute_IDLE_Back\Shadow_Brute_IDLE_Back%d.png
ShadowBrute|ShadowBrute_IDLE_Forward|4|..\Texture\Monster\ShadowBrute\ShadowBrute_IDLE_Forward\Shadow_Brute_IDLE_Forward%d.png
ShadowBrute|ShadowBrute_IDLE_Left|4|..\Texture\Monster\ShadowBrute\ShadowBrute_IDLE_Left\Shadow_Brute_IDLE_Left%d.png
ShadowBrute|ShadowBrute_IDLE_Right|4|..\Texture\Monster\ShadowBrute\ShadowBrute_IDLE_Right\Shadow_Brute_IDLE_Right%d.png
ShadowBrute|ShadowBrute_Left|4|..\Texture\Monster\ShadowBrute\ShadowBrute_Left\Shadow_Brute_Left%d.png
ShadowBrute|ShadowBrute_Right|4|..\Texture\Monster\ShadowBrute\ShadowBrute_Right\Shadow_Brute_Right%d.png
ShadowGirl|ShadowGirl_Back|4|..\Texture\Monster\ShadowGirl\ShadowGirl_Back\Shadow_Girl_Back%d.png
ShadowGirl|ShadowGirl_Forward|4|..\Texture\Monster\ShadowGirl\ShadowGirl_Forward\Shadow_Girl_Forward%d.png
ShadowGirl|ShadowGirl_Left|4|..\Texture\Monster\ShadowGirl\ShadowGirl_Left\Shadow_Girl_Left%d.png
ShadowGirl|ShadowGirl_Right|4|..\Texture\Monster\ShadowGirl\ShadowGirl_Right\Shadow_Girl_Right%d.png
ShadowShaman|ShadowShaman_Back|4|..\Texture\Monster\ShadowShaman\ShadowShaman_Back\Shadow_Shaman_Back%d.png
ShadowShaman|ShadowShaman_Forward|4|..\Texture\Monster\ShadowShaman\ShadowShaman_Forward\Shadow_Shaman_Forward%d.png
ShadowShaman|ShadowShaman_IDLE|4|..\Texture\Monster\ShadowShaman\ShadowShaman_IDLE\Shadow_Shaman_IDLE%d.png
ShadowShaman|ShadowShaman_Left|4|..\Texture\Monster\ShadowShaman\ShadowShaman_Left\Shadow_Shaman_Left%d.png
ShadowShaman|ShadowShaman_Right|4|..\Texture\Monster\ShadowShaman\ShadowShaman_Right\Shadow_Shaman_Right%d.png
Skeleton|Skeleton_Attack|4|..\Texture\Monster\Skeleton\Skeleton_Attack\Skeleton_Attack%d.png
Skeleton|Skeleton_Back|4|..\Texture\Monster\Skeleton\Skeleton_Back\Skeleton_Back%d.png
Skeleton|Skeleton_Die|2|..\Texture\Monster\Skeleton\Skeleton_Die\SkeletonMage_Die%d.png
Skeleton|Skeleton_Forward|4|..\Texture\Monster\Skeleton\Skeleton_Forward\Skeleton_Forward%d.png
Skeleton|Skeleton_Left|4|..\Texture\Monster\Skeleton\Skeleton_Left\Skeleton_Left%d.png
Skeleton|Skeleton_Right|4|..\Texture\Monster\Skeleton\Skeleton_Right\Skeleton_Right%d.png
SquidKid|SquidKid_Back|4|..\Texture\Monster\SquidKid\SquidKid_Back\SquidKid_Back%d.png
SquidKid|SquidKid_Die|7|..\Texture\Monster\SquidKid\SquidKid_Die\SquidKid_Die%d.png
SquidKid|SquidKid_Forward|4|..\Texture\Monster\SquidKid\SquidKid_Forward\SquidKid_Forward%d.png
SquidKid|SquidKid_Left|4|..\Texture\Monster\SquidKid\SquidKid_Left\SquidKid_Left%d.png
SquidKid|SquidKid_Right|4|..\Texture\Monster\SquidKid\SquidKid_Right\SquidKid_Right%d.png
StoneGolem|StoneGolem_Back|4|..\Texture\Monster\StoneGolem\StoneGolem_Back\StoneGolem_Back%d.png
StoneGolem|StoneGolem_Die|10|..\Texture\Monster\StoneGolem\StoneGolem_Die\StoneGolem_Die%d.png
StoneGolem|StoneGolem_Forward|4|..\Texture\Monster\StoneGolem\StoneGolem_Forward\StoneGolem_Forward%d.png
StoneGolem|StoneGolem_Left|4|..\Texture\Monster\StoneGolem\StoneGolem_Left\StoneGolem_Left%d.png
StoneGolem|StoneGolem_Right|4|..\Texture\Monster\StoneGolem\StoneGolem_Right\StoneGolem_Right%d.png
StoneGolem|StoneGolem_Spawn|9|..\Texture\Monster\StoneGolem\StoneGolem_Spawn\StoneGolem_Spawn%d.png
WildernessGolem|WildernessGolem_Die|9|..\Texture\Monster\WildernessGolem\WildernessGolem_Die\WildernessGolem_Die%d.png
WildernessGolem|WildernessGolem_Forward|4|..\Texture\Monster\WildernessGolem\WildernessGolem_Forward\WildernessGolem_Forward%d.png
WildernessGolem|WildernessGolem_Left|4|..\Texture\Monster\WildernessGolem\WildernessGolem_Left\WildernessGolem_Left%d.png
WildernessGolem|WildernessGolem_Right|4|..\Texture\Monster\WildernessGolem\WildernessGolem_Right\WildernessGolem_Right%d.png
WildernessGolem|WildernessGolem_Spawn|8|..\Texture\Monster\WildernessGolem\WildernessGolem_Spawn\WildernessGolem_Spawn%d.png
WildernessGolem|WildrnessGolem_Back|4|..\Texture\Monster\WildernessGolem\WildrnessGolem_Back\WildernessGolem_Back%d.png

